"Product title";"Handle";"Product URL";"Shopify product ID";"Rollenbreiten";"Anzahl echter Varianten";"Anzahl opc-* Varianten";"Empfehlung Google & YouTube";"Grund"
"Altessa Teppichboden 400cm 500cm";"altessa-teppichboden-400cm-500cm";"https://www.teppich-paradies.net/products/altessa-teppichboden-400cm-500cm";"15983006908750";"4,00 m | 5,00 m";"14";"0";"EXCLUDE";"Dynamisch berechneter Gesamtpreis / Grundpreis €/m² entspricht nicht dem direkt kaufbaren Mindestgesamtpreis."
"Alvento Teppichboden 400cm 500cm";"alvento-teppichboden-400cm-500cm";"https://www.teppich-paradies.net/products/alvento-teppichboden-400cm-500cm";"15983227437390";"4,00 m | 5,00 m";"32";"0";"EXCLUDE";"Dynamisch berechneter Gesamtpreis / Grundpreis €/m² entspricht nicht dem direkt kaufbaren Mindestgesamtpreis."
"Amara Teppichboden 400cm 500cm";"alvano-teppichboden-400cm-500cm";"https://www.teppich-paradies.net/products/alvano-teppichboden-400cm-500cm";"15982632567118";"4,00 m | 5,00 m";"18";"0";"EXCLUDE";"Dynamisch berechneter Gesamtpreis / Grundpreis €/m² entspricht nicht dem direkt kaufbaren Mindestgesamtpreis."
"Boucella Teppichboden 400cm";"boucella-teppichboden-400cm";"https://www.teppich-paradies.net/products/boucella-teppichboden-400cm";"15983212790094";"4,00 m";"5";"0";"EXCLUDE";"Dynamisch berechneter Gesamtpreis / Grundpreis €/m² entspricht nicht dem direkt kaufbaren Mindestgesamtpreis."
"Callista Teppichboden 400cm 500cm";"callista-teppichboden-400cm-500cm";"https://www.teppich-paradies.net/products/callista-teppichboden-400cm-500cm";"15983022735694";"4,00 m | 5,00 m";"20";"0";"EXCLUDE";"Dynamisch berechneter Gesamtpreis / Grundpreis €/m² entspricht nicht dem direkt kaufbaren Mindestgesamtpreis."
"Cavero Linoleumboden 200cm";"cavero-linoleumboden-200cm";"https://www.teppich-paradies.net/products/cavero-linoleumboden-200cm";"16049267441998";"2,00 m";"6";"0";"EXCLUDE";"Dynamisch berechneter Gesamtpreis / Grundpreis €/m² entspricht nicht dem direkt kaufbaren Mindestgesamtpreis."
"Coloria Linoleumboden 200cm";"coloria-linoleumboden-200cm";"https://www.teppich-paradies.net/products/coloria-linoleumboden-200cm";"16049177723214";"2,00 m";"9";"0";"EXCLUDE";"Dynamisch berechneter Gesamtpreis / Grundpreis €/m² entspricht nicht dem direkt kaufbaren Mindestgesamtpreis."
"Coralia Teppichboden 400cm 500cm";"coralia-teppichboden-400cm-500cm";"https://www.teppich-paradies.net/products/coralia-teppichboden-400cm-500cm";"15982994063694";"4,00 m | 5,00 m";"16";"0";"EXCLUDE";"Dynamisch berechneter Gesamtpreis / Grundpreis €/m² entspricht nicht dem direkt kaufbaren Mindestgesamtpreis."
"Corina Teppichboden 400cm 500cm";"corina-teppichboden-400cm-500cm";"https://www.teppich-paradies.net/products/corina-teppichboden-400cm-500cm";"15982986821966";"4,00 m | 5,00 m";"16";"0";"EXCLUDE";"Dynamisch berechneter Gesamtpreis / Grundpreis €/m² entspricht nicht dem direkt kaufbaren Mindestgesamtpreis."
"Corvella Teppichboden 400cm 500cm";"corvella-teppichboden-400cm-500cm";"https://www.teppich-paradies.net/products/corvella-teppichboden-400cm-500cm";"15983219179854";"4,00 m | 5,00 m";"24";"0";"EXCLUDE";"Dynamisch berechneter Gesamtpreis / Grundpreis €/m² entspricht nicht dem direkt kaufbaren Mindestgesamtpreis."
"Eichwald Eiche Beige – Vinylboden von der Rolle";"verdano-eiche-beige-vinylboden-von-der-rolle";"https://www.teppich-paradies.net/products/verdano-eiche-beige-vinylboden-von-der-rolle";"15982151893326";"2,00 m | 4,00 m";"2";"0";"EXCLUDE";"Dynamisch berechneter Gesamtpreis / Grundpreis €/m² entspricht nicht dem direkt kaufbaren Mindestgesamtpreis."
"Eichwald Eiche Dunkelbraun – Vinylboden von der Rolle";"verdano-eiche-dunkelbraun-vinylboden-von-der-rolle";"https://www.teppich-paradies.net/products/verdano-eiche-dunkelbraun-vinylboden-von-der-rolle";"15982150648142";"2,00 m | 4,00 m";"2";"0";"EXCLUDE";"Dynamisch berechneter Gesamtpreis / Grundpreis €/m² entspricht nicht dem direkt kaufbaren Mindestgesamtpreis."
"Eichwald Eiche Goldeiche – Vinylboden von der Rolle";"verdano-eiche-goldeiche-vinylboden-von-der-rolle";"https://www.teppich-paradies.net/products/verdano-eiche-goldeiche-vinylboden-von-der-rolle";"15982154383694";"2,00 m | 4,00 m";"2";"0";"EXCLUDE";"Dynamisch berechneter Gesamtpreis / Grundpreis €/m² entspricht nicht dem direkt kaufbaren Mindestgesamtpreis."
"Eichwald Eiche Grau – Vinylboden von der Rolle";"verdano-eiche-grau-vinylboden-von-der-rolle";"https://www.teppich-paradies.net/products/verdano-eiche-grau-vinylboden-von-der-rolle";"15982153728334";"2,00 m | 4,00 m";"2";"0";"EXCLUDE";"Dynamisch berechneter Gesamtpreis / Grundpreis €/m² entspricht nicht dem direkt kaufbaren Mindestgesamtpreis."
"Eichwald Eiche Greige – Vinylboden von der Rolle";"verdano-eiche-greige-vinylboden-von-der-rolle";"https://www.teppich-paradies.net/products/verdano-eiche-greige-vinylboden-von-der-rolle";"15982148878670";"2,00 m | 3,00 m | 4,00 m";"3";"0";"EXCLUDE";"Dynamisch berechneter Gesamtpreis / Grundpreis €/m² entspricht nicht dem direkt kaufbaren Mindestgesamtpreis."
"Eichwald Eiche Hellbeige – Vinylboden von der Rolle";"verdano-eiche-hellbeige-vinylboden-von-der-rolle";"https://www.teppich-paradies.net/products/verdano-eiche-hellbeige-vinylboden-von-der-rolle";"15982155137358";"2,00 m | 4,00 m";"2";"0";"EXCLUDE";"Dynamisch berechneter Gesamtpreis / Grundpreis €/m² entspricht nicht dem direkt kaufbaren Mindestgesamtpreis."
"Eichwald Eiche Hellgrau – Vinylboden von der Rolle";"verdano-eiche-hellgrau-vinylboden-von-der-rolle";"https://www.teppich-paradies.net/products/verdano-eiche-hellgrau-vinylboden-von-der-rolle";"15982037533006";"2,00 m | 3,00 m | 4,00 m";"3";"0";"EXCLUDE";"Dynamisch berechneter Gesamtpreis / Grundpreis €/m² entspricht nicht dem direkt kaufbaren Mindestgesamtpreis."
"Eichwald Eiche Honig – Vinylboden von der Rolle";"verdano-eiche-honig-vinylboden-von-der-rolle";"https://www.teppich-paradies.net/products/verdano-eiche-honig-vinylboden-von-der-rolle";"15982149370190";"2,00 m | 4,00 m";"2";"0";"EXCLUDE";"Dynamisch berechneter Gesamtpreis / Grundpreis €/m² entspricht nicht dem direkt kaufbaren Mindestgesamtpreis."
"Eichwald Eiche Mittelbraun – Vinylboden von der Rolle";"verdano-eiche-mittelbraun-vinylboden-von-der-rolle";"https://www.teppich-paradies.net/products/verdano-eiche-mittelbraun-vinylboden-von-der-rolle";"15982153105742";"2,00 m | 4,00 m";"2";"0";"EXCLUDE";"Dynamisch berechneter Gesamtpreis / Grundpreis €/m² entspricht nicht dem direkt kaufbaren Mindestgesamtpreis."
"Eichwald Eiche Sandbeige – Vinylboden von der Rolle";"verdano-eiche-sandbeige-vinylboden-von-der-rolle";"https://www.teppich-paradies.net/products/verdano-eiche-sandbeige-vinylboden-von-der-rolle";"15982151270734";"2,00 m | 4,00 m";"2";"0";"EXCLUDE";"Dynamisch berechneter Gesamtpreis / Grundpreis €/m² entspricht nicht dem direkt kaufbaren Mindestgesamtpreis."
"Eichwald Eiche Silbergrau – Vinylboden von der Rolle";"verdano-eiche-silbergrau-vinylboden-von-der-rolle";"https://www.teppich-paradies.net/products/verdano-eiche-silbergrau-vinylboden-von-der-rolle";"15982152515918";"2,00 m | 3,00 m | 4,00 m";"3";"0";"EXCLUDE";"Dynamisch berechneter Gesamtpreis / Grundpreis €/m² entspricht nicht dem direkt kaufbaren Mindestgesamtpreis."
"Eichwald Eiche Taupe – Vinylboden von der Rolle";"verdano-eiche-taupe-vinylboden-von-der-rolle";"https://www.teppich-paradies.net/products/verdano-eiche-taupe-vinylboden-von-der-rolle";"15982149992782";"2,00 m | 4,00 m";"2";"0";"EXCLUDE";"Dynamisch berechneter Gesamtpreis / Grundpreis €/m² entspricht nicht dem direkt kaufbaren Mindestgesamtpreis."
"Elastium Linoleumboden 200cm";"elastium-linoleumboden-200cm-1";"https://www.teppich-paradies.net/products/elastium-linoleumboden-200cm-1";"16045140771150";"";"21";"0";"EXCLUDE";"Dynamisch berechneter Gesamtpreis / Grundpreis €/m² entspricht nicht dem direkt kaufbaren Mindestgesamtpreis."
"Fibrella Teppichboden 400cm 500cm";"fibrella-teppichboden-400cm-500cm";"https://www.teppich-paradies.net/products/fibrella-teppichboden-400cm-500cm";"15983214559566";"4,00 m | 5,00 m";"10";"0";"EXCLUDE";"Dynamisch berechneter Gesamtpreis / Grundpreis €/m² entspricht nicht dem direkt kaufbaren Mindestgesamtpreis."
"Fiora Linoleumboden 200cm";"fiora-linoleumboden-200cm";"https://www.teppich-paradies.net/products/fiora-linoleumboden-200cm";"16049285759310";"2,00 m";"4";"0";"EXCLUDE";"Dynamisch berechneter Gesamtpreis / Grundpreis €/m² entspricht nicht dem direkt kaufbaren Mindestgesamtpreis."
"Fortiva Nadelvlies Teppichboden 200cm";"fortiva-teppichboden-200cm";"https://www.teppich-paradies.net/products/fortiva-teppichboden-200cm";"16020483440974";"2,00 m";"13";"0";"EXCLUDE";"Dynamisch berechneter Gesamtpreis / Grundpreis €/m² entspricht nicht dem direkt kaufbaren Mindestgesamtpreis."
"Granitera Eiche Goldbraun – Vinylboden von der Rolle";"traxano-eiche-goldbraun-vinylboden-von-der-rolle";"https://www.teppich-paradies.net/products/traxano-eiche-goldbraun-vinylboden-von-der-rolle";"15982372028750";"2,00 m | 4,00 m";"2";"0";"EXCLUDE";"Dynamisch berechneter Gesamtpreis / Grundpreis €/m² entspricht nicht dem direkt kaufbaren Mindestgesamtpreis."
"Granitera Eiche Grau Hell – Vinylboden von der Rolle";"traxano-eiche-grau-hell-vinylboden-von-der-rolle";"https://www.teppich-paradies.net/products/traxano-eiche-grau-hell-vinylboden-von-der-rolle";"15982371963214";"2,00 m | 4,00 m";"2";"0";"EXCLUDE";"Dynamisch berechneter Gesamtpreis / Grundpreis €/m² entspricht nicht dem direkt kaufbaren Mindestgesamtpreis."
"Granitera Eiche Honigbraun – Vinylboden von der Rolle";"traxano-eiche-honigbraun-vinylboden-von-der-rolle";"https://www.teppich-paradies.net/products/traxano-eiche-honigbraun-vinylboden-von-der-rolle";"15982371406158";"2,00 m | 4,00 m";"2";"0";"EXCLUDE";"Dynamisch berechneter Gesamtpreis / Grundpreis €/m² entspricht nicht dem direkt kaufbaren Mindestgesamtpreis."
"Granitera Eiche Karamell – Vinylboden von der Rolle";"traxano-eiche-karamell-vinylboden-von-der-rolle";"https://www.teppich-paradies.net/products/traxano-eiche-karamell-vinylboden-von-der-rolle";"15982372946254";"2,00 m | 4,00 m";"2";"0";"EXCLUDE";"Dynamisch berechneter Gesamtpreis / Grundpreis €/m² entspricht nicht dem direkt kaufbaren Mindestgesamtpreis."
"Granitera Eiche Mittelbraun – Vinylboden von der Rolle";"traxano-eiche-mittelbraun-vinylboden-von-der-rolle";"https://www.teppich-paradies.net/products/traxano-eiche-mittelbraun-vinylboden-von-der-rolle";"15982041858382";"2,00 m | 4,00 m";"2";"0";"EXCLUDE";"Dynamisch berechneter Gesamtpreis / Grundpreis €/m² entspricht nicht dem direkt kaufbaren Mindestgesamtpreis."
"Granitera Eiche Naturbraun – Vinylboden von der Rolle";"traxano-eiche-naturbraun-vinylboden-von-der-rolle";"https://www.teppich-paradies.net/products/traxano-eiche-naturbraun-vinylboden-von-der-rolle";"15982371602766";"2,00 m | 4,00 m";"2";"0";"EXCLUDE";"Dynamisch berechneter Gesamtpreis / Grundpreis €/m² entspricht nicht dem direkt kaufbaren Mindestgesamtpreis."
"Granitera Eiche Sandbraun – Vinylboden von der Rolle";"traxano-eiche-sandbraun-vinylboden-von-der-rolle";"https://www.teppich-paradies.net/products/traxano-eiche-sandbraun-vinylboden-von-der-rolle";"15982371668302";"2,00 m | 4,00 m";"2";"0";"EXCLUDE";"Dynamisch berechneter Gesamtpreis / Grundpreis €/m² entspricht nicht dem direkt kaufbaren Mindestgesamtpreis."
"Granitera Eiche Taupe – Vinylboden von der Rolle";"traxano-eiche-taupe-vinylboden-von-der-rolle";"https://www.teppich-paradies.net/products/traxano-eiche-taupe-vinylboden-von-der-rolle";"15982371701070";"2,00 m | 4,00 m";"2";"0";"EXCLUDE";"Dynamisch berechneter Gesamtpreis / Grundpreis €/m² entspricht nicht dem direkt kaufbaren Mindestgesamtpreis."
"Granitera Granit Beige – Vinylboden von der Rolle";"traxano-granit-beige-vinylboden-von-der-rolle";"https://www.teppich-paradies.net/products/traxano-granit-beige-vinylboden-von-der-rolle";"15982371799374";"2,00 m | 4,00 m";"2";"0";"EXCLUDE";"Dynamisch berechneter Gesamtpreis / Grundpreis €/m² entspricht nicht dem direkt kaufbaren Mindestgesamtpreis."
"Granitera Granit Grau – Vinylboden von der Rolle";"traxano-granit-grau-vinylboden-von-der-rolle";"https://www.teppich-paradies.net/products/traxano-granit-grau-vinylboden-von-der-rolle";"15982372159822";"2,00 m | 4,00 m";"2";"0";"EXCLUDE";"Dynamisch berechneter Gesamtpreis / Grundpreis €/m² entspricht nicht dem direkt kaufbaren Mindestgesamtpreis."
"Granitera Granit Hellgrau – Vinylboden von der Rolle";"traxano-granit-hellgrau-vinylboden-von-der-rolle";"https://www.teppich-paradies.net/products/traxano-granit-hellgrau-vinylboden-von-der-rolle";"15982373044558";"2,00 m | 4,00 m";"2";"0";"EXCLUDE";"Dynamisch berechneter Gesamtpreis / Grundpreis €/m² entspricht nicht dem direkt kaufbaren Mindestgesamtpreis."
"Granitera Granit Sandbeige – Vinylboden von der Rolle";"traxano-granit-sandbeige-vinylboden-von-der-rolle";"https://www.teppich-paradies.net/products/traxano-granit-sandbeige-vinylboden-von-der-rolle";"15982372094286";"2,00 m | 4,00 m";"2";"0";"EXCLUDE";"Dynamisch berechneter Gesamtpreis / Grundpreis €/m² entspricht nicht dem direkt kaufbaren Mindestgesamtpreis."
"Granitera Granit Taupe – Vinylboden von der Rolle";"traxano-granit-taupe-vinylboden-von-der-rolle";"https://www.teppich-paradies.net/products/traxano-granit-taupe-vinylboden-von-der-rolle";"15982371832142";"2,00 m | 4,00 m";"2";"0";"EXCLUDE";"Dynamisch berechneter Gesamtpreis / Grundpreis €/m² entspricht nicht dem direkt kaufbaren Mindestgesamtpreis."
"Kalvea Teppichboden 400cm 500cm";"kalvea-teppichboden-400cm-500cm";"https://www.teppich-paradies.net/products/kalvea-teppichboden-400cm-500cm";"15982735851854";"4,00 m | 5,00 m";"20";"0";"EXCLUDE";"Dynamisch berechneter Gesamtpreis / Grundpreis €/m² entspricht nicht dem direkt kaufbaren Mindestgesamtpreis."
"Kaneo Linoleumboden 200cm";"kaneo-linoleumboden-200cm";"https://www.teppich-paradies.net/products/kaneo-linoleumboden-200cm";"16049295065422";"2,00 m";"6";"0";"EXCLUDE";"Dynamisch berechneter Gesamtpreis / Grundpreis €/m² entspricht nicht dem direkt kaufbaren Mindestgesamtpreis."
"Kerova Teppichboden 400cm 500cm";"kerova-teppichboden-400cm-500cm";"https://www.teppich-paradies.net/products/kerova-teppichboden-400cm-500cm";"15982988624206";"4,00 m | 5,00 m";"20";"0";"EXCLUDE";"Dynamisch berechneter Gesamtpreis / Grundpreis €/m² entspricht nicht dem direkt kaufbaren Mindestgesamtpreis."
"Kontura Teppichboden 400cm";"corvano-teppichboden";"https://www.teppich-paradies.net/products/corvano-teppichboden";"15982562115918";"4,00 m";"19";"0";"EXCLUDE";"Dynamisch berechneter Gesamtpreis / Grundpreis €/m² entspricht nicht dem direkt kaufbaren Mindestgesamtpreis."
"Landora Allover Grau – Vinylboden von der Rolle";"livano-allover-grau-vinylboden-von-der-rolle";"https://www.teppich-paradies.net/products/livano-allover-grau-vinylboden-von-der-rolle";"15982110507342";"2,00 m | 4,00 m";"2";"0";"EXCLUDE";"Dynamisch berechneter Gesamtpreis / Grundpreis €/m² entspricht nicht dem direkt kaufbaren Mindestgesamtpreis."
"Landora Buche Schiffsboden – Vinylboden von der Rolle";"livano-buche-schiffsboden-vinylboden-von-der-rolle";"https://www.teppich-paradies.net/products/livano-buche-schiffsboden-vinylboden-von-der-rolle";"15982138360142";"2,00 m | 4,00 m";"2";"0";"EXCLUDE";"Dynamisch berechneter Gesamtpreis / Grundpreis €/m² entspricht nicht dem direkt kaufbaren Mindestgesamtpreis."
"Landora Eiche Beige – Vinylboden von der Rolle";"livano-vinyl-von-der-rolle-300cm-eiche-beige";"https://www.teppich-paradies.net/products/livano-vinyl-von-der-rolle-300cm-eiche-beige";"15981938606414";"3,00 m";"1";"0";"EXCLUDE";"Dynamisch berechneter Gesamtpreis / Grundpreis €/m² entspricht nicht dem direkt kaufbaren Mindestgesamtpreis."
"Landora Eiche Bernstein – Vinylboden von der Rolle";"livano-eiche-bernstein-vinylboden-von-der-rolle";"https://www.teppich-paradies.net/products/livano-eiche-bernstein-vinylboden-von-der-rolle";"15982140883278";"2,00 m | 4,00 m";"2";"0";"EXCLUDE";"Dynamisch berechneter Gesamtpreis / Grundpreis €/m² entspricht nicht dem direkt kaufbaren Mindestgesamtpreis."
"Landora Eiche Diele Beige – Vinylboden von der Rolle";"livano-eiche-diele-beige-vinylboden-von-der-rolle";"https://www.teppich-paradies.net/products/livano-eiche-diele-beige-vinylboden-von-der-rolle";"15982137737550";"2,00 m | 4,00 m";"2";"0";"EXCLUDE";"Dynamisch berechneter Gesamtpreis / Grundpreis €/m² entspricht nicht dem direkt kaufbaren Mindestgesamtpreis."
"Landora Eiche Grau – Vinylboden von der Rolle";"livano-eiche-grau-vinylboden-von-der-rolle";"https://www.teppich-paradies.net/products/livano-eiche-grau-vinylboden-von-der-rolle";"15982031667534";"2,00 m | 4,00 m";"2";"0";"EXCLUDE";"Dynamisch berechneter Gesamtpreis / Grundpreis €/m² entspricht nicht dem direkt kaufbaren Mindestgesamtpreis."
"Landora Eiche Hellgrau-Beige – Vinylboden von der Rolle";"livano-eiche-hellgrau-beige-vinylboden-300cm";"https://www.teppich-paradies.net/products/livano-eiche-hellgrau-beige-vinylboden-300cm";"15965887037774";"3,00 m";"1";"0";"EXCLUDE";"Dynamisch berechneter Gesamtpreis / Grundpreis €/m² entspricht nicht dem direkt kaufbaren Mindestgesamtpreis."
"Landora Eiche Natur – Vinylboden von der Rolle";"livano-eiche-natur-vinylboden-von-der-rolle";"https://www.teppich-paradies.net/products/livano-eiche-natur-vinylboden-von-der-rolle";"15982140195150";"2,00 m | 4,00 m";"2";"0";"EXCLUDE";"Dynamisch berechneter Gesamtpreis / Grundpreis €/m² entspricht nicht dem direkt kaufbaren Mindestgesamtpreis."
"Landora Honig-Eiche Schiffsboden – Vinylboden von der Rolle";"livano-honig-eiche-schiffsboden-vinylboden-von-der-rolle";"https://www.teppich-paradies.net/products/livano-honig-eiche-schiffsboden-vinylboden-von-der-rolle";"15982139048270";"2,00 m | 4,00 m";"2";"0";"EXCLUDE";"Dynamisch berechneter Gesamtpreis / Grundpreis €/m² entspricht nicht dem direkt kaufbaren Mindestgesamtpreis."
"Landora Walnuss Planke – Vinylboden von der Rolle";"livano-walnuss-planke-vinylboden-von-der-rolle";"https://www.teppich-paradies.net/products/livano-walnuss-planke-vinylboden-von-der-rolle";"15982139638094";"2,00 m | 4,00 m";"2";"0";"EXCLUDE";"Dynamisch berechneter Gesamtpreis / Grundpreis €/m² entspricht nicht dem direkt kaufbaren Mindestgesamtpreis."
"Lanetta Teppichboden 400cm 500cm";"lanetta-teppichboden-400cm-500cm";"https://www.teppich-paradies.net/products/lanetta-teppichboden-400cm-500cm";"15983024669006";"4,00 m | 5,00 m";"14";"0";"EXCLUDE";"Dynamisch berechneter Gesamtpreis / Grundpreis €/m² entspricht nicht dem direkt kaufbaren Mindestgesamtpreis."
"Lanova Teppichboden 400cm 500cm";"lanova-teppichboden-400cm-500cm";"https://www.teppich-paradies.net/products/lanova-teppichboden-400cm-500cm";"15983024046414";"4,00 m | 5,00 m";"14";"0";"EXCLUDE";"Dynamisch berechneter Gesamtpreis / Grundpreis €/m² entspricht nicht dem direkt kaufbaren Mindestgesamtpreis."
"Loftis Linoleumboden 200cm";"loftis-linoleumboden-200cm";"https://www.teppich-paradies.net/products/loftis-linoleumboden-200cm";"16049307386190";"2,00 m";"4";"0";"EXCLUDE";"Dynamisch berechneter Gesamtpreis / Grundpreis €/m² entspricht nicht dem direkt kaufbaren Mindestgesamtpreis."
"Marenta Linoleumboden 200cm";"marenta-linoleumboden-200cm";"https://www.teppich-paradies.net/products/marenta-linoleumboden-200cm";"16049244864846";"2,00 m";"16";"0";"EXCLUDE";"Dynamisch berechneter Gesamtpreis / Grundpreis €/m² entspricht nicht dem direkt kaufbaren Mindestgesamtpreis."
"Merinda Teppichboden 400cm 500cm";"merinda-teppichboden-400cm-500cm";"https://www.teppich-paradies.net/products/merinda-teppichboden-400cm-500cm";"15983023456590";"4,00 m | 5,00 m";"16";"0";"EXCLUDE";"Dynamisch berechneter Gesamtpreis / Grundpreis €/m² entspricht nicht dem direkt kaufbaren Mindestgesamtpreis."
"Nordan Linoleumboden 200cm";"nordan-linoleumboden-200cm";"https://www.teppich-paradies.net/products/nordan-linoleumboden-200cm";"16049246077262";"2,00 m";"5";"0";"EXCLUDE";"Dynamisch berechneter Gesamtpreis / Grundpreis €/m² entspricht nicht dem direkt kaufbaren Mindestgesamtpreis."
"Nordica Teppichboden 400cm 500cm";"nordica-teppichboden-400cm-500cm";"https://www.teppich-paradies.net/products/nordica-teppichboden-400cm-500cm";"15983031058766";"4,00 m | 5,00 m";"12";"0";"EXCLUDE";"Dynamisch berechneter Gesamtpreis / Grundpreis €/m² entspricht nicht dem direkt kaufbaren Mindestgesamtpreis."
"Novaris Teppichboden 400cm 500cm";"novaris-teppichboden-400cm-500cm";"https://www.teppich-paradies.net/products/novaris-teppichboden-400cm-500cm";"15983225012558";"4,00 m | 5,00 m";"28";"0";"EXCLUDE";"Dynamisch berechneter Gesamtpreis / Grundpreis €/m² entspricht nicht dem direkt kaufbaren Mindestgesamtpreis."
"Nuvara Teppichboden 400cm 500cm";"nuvara-teppichboden-400cm-500cm";"https://www.teppich-paradies.net/products/nuvara-teppichboden-400cm-500cm";"15983226716494";"4,00 m | 5,00 m";"30";"0";"EXCLUDE";"Dynamisch berechneter Gesamtpreis / Grundpreis €/m² entspricht nicht dem direkt kaufbaren Mindestgesamtpreis."
"Ombra Teppichboden 400cm 500cm";"ombra-teppichboden-400cm-500cm";"https://www.teppich-paradies.net/products/ombra-teppichboden-400cm-500cm";"15982983119182";"4,00 m | 5,00 m";"8";"0";"EXCLUDE";"Dynamisch berechneter Gesamtpreis / Grundpreis €/m² entspricht nicht dem direkt kaufbaren Mindestgesamtpreis."
"Palenza Teppichboden 400cm 500cm";"palenza-teppichboden-400cm-500cm";"https://www.teppich-paradies.net/products/palenza-teppichboden-400cm-500cm";"15983224521038";"4,00 m | 5,00 m";"24";"0";"EXCLUDE";"Dynamisch berechneter Gesamtpreis / Grundpreis €/m² entspricht nicht dem direkt kaufbaren Mindestgesamtpreis."
"Palura Teppichboden 400cm 500cm";"palura-teppichboden-400cm-500cm";"https://www.teppich-paradies.net/products/palura-teppichboden-400cm-500cm";"15982981382478";"4,00 m | 5,00 m";"22";"0";"EXCLUDE";"Dynamisch berechneter Gesamtpreis / Grundpreis €/m² entspricht nicht dem direkt kaufbaren Mindestgesamtpreis."
"Piumera Teppichboden 400cm 500cm";"piumera-teppichboden-400cm-500cm";"https://www.teppich-paradies.net/products/piumera-teppichboden-400cm-500cm";"15983230681422";"4,00 m | 5,00 m";"28";"0";"EXCLUDE";"Dynamisch berechneter Gesamtpreis / Grundpreis €/m² entspricht nicht dem direkt kaufbaren Mindestgesamtpreis."
"Practiva Teppichboden 400cm 500cm";"solano-teppichboden-400cm-500cm";"https://www.teppich-paradies.net/products/solano-teppichboden-400cm-500cm";"15982708293966";"4,00 m | 5,00 m";"18";"0";"EXCLUDE";"Dynamisch berechneter Gesamtpreis / Grundpreis €/m² entspricht nicht dem direkt kaufbaren Mindestgesamtpreis."
"Regalia Teppichboden 400cm";"regalia-teppichboden-400cm";"https://www.teppich-paradies.net/products/regalia-teppichboden-400cm";"15983212167502";"4,00 m";"5";"0";"EXCLUDE";"Dynamisch berechneter Gesamtpreis / Grundpreis €/m² entspricht nicht dem direkt kaufbaren Mindestgesamtpreis."
"Reganza Teppichboden 400cm 500cm";"reganza-teppichboden-400cm-500cm";"https://www.teppich-paradies.net/products/reganza-teppichboden-400cm-500cm";"15983222587726";"4,00 m | 5,00 m";"30";"0";"EXCLUDE";"Dynamisch berechneter Gesamtpreis / Grundpreis €/m² entspricht nicht dem direkt kaufbaren Mindestgesamtpreis."
"Rivena Teppichboden 400cm";"rivena-teppichboden-400cm";"https://www.teppich-paradies.net/products/rivena-teppichboden-400cm";"15983003304270";"4,00 m";"9";"0";"EXCLUDE";"Dynamisch berechneter Gesamtpreis / Grundpreis €/m² entspricht nicht dem direkt kaufbaren Mindestgesamtpreis."
"Rubira Teppichboden 400cm 500cm";"rubira-teppichboden-400cm-500cm";"https://www.teppich-paradies.net/products/rubira-teppichboden-400cm-500cm";"15983214657870";"4,00 m | 5,00 m";"2";"0";"EXCLUDE";"Dynamisch berechneter Gesamtpreis / Grundpreis €/m² entspricht nicht dem direkt kaufbaren Mindestgesamtpreis."
"Savena Teppichboden 400cm 500cm";"savena-teppichboden-400cm-500cm";"https://www.teppich-paradies.net/products/savena-teppichboden-400cm-500cm";"15982985707854";"4,00 m | 5,00 m";"16";"0";"EXCLUDE";"Dynamisch berechneter Gesamtpreis / Grundpreis €/m² entspricht nicht dem direkt kaufbaren Mindestgesamtpreis."
"Selene Linoleumboden 200cm";"selene-linoleumboden-200cm";"https://www.teppich-paradies.net/products/selene-linoleumboden-200cm";"16049315643726";"2,00 m";"4";"0";"EXCLUDE";"Dynamisch berechneter Gesamtpreis / Grundpreis €/m² entspricht nicht dem direkt kaufbaren Mindestgesamtpreis."
"Sentira Teppichboden 400cm 500cm";"sentira-teppichboden-400cm-500cm";"https://www.teppich-paradies.net/products/sentira-teppichboden-400cm-500cm";"15983227863374";"4,00 m | 5,00 m";"30";"0";"EXCLUDE";"Dynamisch berechneter Gesamtpreis / Grundpreis €/m² entspricht nicht dem direkt kaufbaren Mindestgesamtpreis."
"Serena Teppichboden 400cm 500cm";"verano-teppichboden-400cm-500cm";"https://www.teppich-paradies.net/products/verano-teppichboden-400cm-500cm";"15982671167822";"4,00 m | 5,00 m";"20";"0";"EXCLUDE";"Dynamisch berechneter Gesamtpreis / Grundpreis €/m² entspricht nicht dem direkt kaufbaren Mindestgesamtpreis."
"Sisara Teppichboden 400cm 500cm";"sisara-teppichboden-400cm-500cm";"https://www.teppich-paradies.net/products/sisara-teppichboden-400cm-500cm";"15983210234190";"4,00 m | 5,00 m";"10";"0";"EXCLUDE";"Dynamisch berechneter Gesamtpreis / Grundpreis €/m² entspricht nicht dem direkt kaufbaren Mindestgesamtpreis."
"Sisola Teppichboden 400cm 500cm";"sisola-teppichboden-400cm-500cm";"https://www.teppich-paradies.net/products/sisola-teppichboden-400cm-500cm";"15983210594638";"4,00 m | 5,00 m";"10";"0";"EXCLUDE";"Dynamisch berechneter Gesamtpreis / Grundpreis €/m² entspricht nicht dem direkt kaufbaren Mindestgesamtpreis."
"Solera Teppichboden 400cm 500cm";"solera-teppichboden-400cm-500cm";"https://www.teppich-paradies.net/products/solera-teppichboden-400cm-500cm";"15982987477326";"4,00 m | 5,00 m";"10";"0";"EXCLUDE";"Dynamisch berechneter Gesamtpreis / Grundpreis €/m² entspricht nicht dem direkt kaufbaren Mindestgesamtpreis."
"Solvana Teppichboden 400cm 500cm";"solvana-teppichboden-400cm-500cm";"https://www.teppich-paradies.net/products/solvana-teppichboden-400cm-500cm";"15982978367822";"4,00 m | 5,00 m";"16";"0";"EXCLUDE";"Dynamisch berechneter Gesamtpreis / Grundpreis €/m² entspricht nicht dem direkt kaufbaren Mindestgesamtpreis."
"Tamira Teppichboden 400cm 500cm";"tamira-teppichboden-400cm-500cm";"https://www.teppich-paradies.net/products/tamira-teppichboden-400cm-500cm";"15982989214030";"4,00 m | 5,00 m";"20";"0";"EXCLUDE";"Dynamisch berechneter Gesamtpreis / Grundpreis €/m² entspricht nicht dem direkt kaufbaren Mindestgesamtpreis."
"Tarona Teppichboden 400cm 500cm";"tarona-teppichboden-400cm-500cm";"https://www.teppich-paradies.net/products/tarona-teppichboden-400cm-500cm";"15982992982350";"4,00 m | 5,00 m";"8";"0";"EXCLUDE";"Dynamisch berechneter Gesamtpreis / Grundpreis €/m² entspricht nicht dem direkt kaufbaren Mindestgesamtpreis."
"Terracora Buche Gedämpft – Vinylboden von der Rolle";"marano-buche-gedampft-vinylboden-von-der-rolle";"https://www.teppich-paradies.net/products/marano-buche-gedampft-vinylboden-von-der-rolle";"15982367801678";"2,00 m | 4,00 m";"2";"0";"EXCLUDE";"Dynamisch berechneter Gesamtpreis / Grundpreis €/m² entspricht nicht dem direkt kaufbaren Mindestgesamtpreis."
"Terracora Eiche Braun – Vinylboden von der Rolle";"marano-eiche-braun-vinylboden-von-der-rolle";"https://www.teppich-paradies.net/products/marano-eiche-braun-vinylboden-von-der-rolle";"15982370193742";"2,00 m | 4,00 m";"2";"0";"EXCLUDE";"Dynamisch berechneter Gesamtpreis / Grundpreis €/m² entspricht nicht dem direkt kaufbaren Mindestgesamtpreis."
"Terracora Eiche Dunkelbraun – Vinylboden von der Rolle";"marano-eiche-dunkelbraun-vinylboden-von-der-rolle";"https://www.teppich-paradies.net/products/marano-eiche-dunkelbraun-vinylboden-von-der-rolle";"15982369571150";"2,00 m | 4,00 m";"2";"0";"EXCLUDE";"Dynamisch berechneter Gesamtpreis / Grundpreis €/m² entspricht nicht dem direkt kaufbaren Mindestgesamtpreis."
"Terracora Eiche Fischgrät Hell – Vinylboden von der Rolle";"marano-eiche-fischgrat-hell-vinylboden-von-der-rolle";"https://www.teppich-paradies.net/products/marano-eiche-fischgrat-hell-vinylboden-von-der-rolle";"15982369931598";"2,00 m | 4,00 m";"2";"0";"EXCLUDE";"Dynamisch berechneter Gesamtpreis / Grundpreis €/m² entspricht nicht dem direkt kaufbaren Mindestgesamtpreis."
"Terracora Eiche Fischgrät – Vinylboden von der Rolle";"marano-eiche-fischgrat-vinylboden-von-der-rolle";"https://www.teppich-paradies.net/products/marano-eiche-fischgrat-vinylboden-von-der-rolle";"15982369866062";"2,00 m | 4,00 m";"2";"0";"EXCLUDE";"Dynamisch berechneter Gesamtpreis / Grundpreis €/m² entspricht nicht dem direkt kaufbaren Mindestgesamtpreis."
"Terracora Eiche Goldbraun – Vinylboden von der Rolle";"marano-eiche-goldbraun-vinylboden-von-der-rolle";"https://www.teppich-paradies.net/products/marano-eiche-goldbraun-vinylboden-von-der-rolle";"15982370357582";"2,00 m | 4,00 m";"2";"0";"EXCLUDE";"Dynamisch berechneter Gesamtpreis / Grundpreis €/m² entspricht nicht dem direkt kaufbaren Mindestgesamtpreis."
"Terracora Eiche Grauweiß – Vinylboden von der Rolle";"marano-eiche-grauweiss-vinylboden-von-der-rolle";"https://www.teppich-paradies.net/products/marano-eiche-grauweiss-vinylboden-von-der-rolle";"15982370586958";"2,00 m | 4,00 m";"2";"0";"EXCLUDE";"Dynamisch berechneter Gesamtpreis / Grundpreis €/m² entspricht nicht dem direkt kaufbaren Mindestgesamtpreis."
"Terracora Eiche Hell – Vinylboden von der Rolle";"marano-eiche-hell-vinylboden-von-der-rolle";"https://www.teppich-paradies.net/products/marano-eiche-hell-vinylboden-von-der-rolle";"15982369800526";"2,00 m | 4,00 m";"2";"0";"EXCLUDE";"Dynamisch berechneter Gesamtpreis / Grundpreis €/m² entspricht nicht dem direkt kaufbaren Mindestgesamtpreis."
"Terracora Eiche Hellbeige – Vinylboden von der Rolle";"marano-eiche-hellbeige-vinylboden-von-der-rolle";"https://www.teppich-paradies.net/products/marano-eiche-hellbeige-vinylboden-von-der-rolle";"15982039793998";"2,00 m | 4,00 m";"2";"0";"EXCLUDE";"Dynamisch berechneter Gesamtpreis / Grundpreis €/m² entspricht nicht dem direkt kaufbaren Mindestgesamtpreis."
"Terracora Eiche Honig – Vinylboden von der Rolle";"marano-eiche-honig-vinylboden-von-der-rolle";"https://www.teppich-paradies.net/products/marano-eiche-honig-vinylboden-von-der-rolle";"15982368424270";"2,00 m | 4,00 m";"2";"0";"EXCLUDE";"Dynamisch berechneter Gesamtpreis / Grundpreis €/m² entspricht nicht dem direkt kaufbaren Mindestgesamtpreis."
"Terracora Eiche Landhaus Grau – Vinylboden von der Rolle";"marano-eiche-landhaus-grau-vinylboden-von-der-rolle";"https://www.teppich-paradies.net/products/marano-eiche-landhaus-grau-vinylboden-von-der-rolle";"15982367605070";"2,00 m | 4,00 m";"2";"0";"EXCLUDE";"Dynamisch berechneter Gesamtpreis / Grundpreis €/m² entspricht nicht dem direkt kaufbaren Mindestgesamtpreis."
"Terracora Eiche Landhaus Natur – Vinylboden von der Rolle";"marano-eiche-landhaus-natur-vinylboden-von-der-rolle";"https://www.teppich-paradies.net/products/marano-eiche-landhaus-natur-vinylboden-von-der-rolle";"15982367736142";"2,00 m | 4,00 m";"2";"0";"EXCLUDE";"Dynamisch berechneter Gesamtpreis / Grundpreis €/m² entspricht nicht dem direkt kaufbaren Mindestgesamtpreis."
"Terracora Eiche Mittelbraun – Vinylboden von der Rolle";"marano-eiche-mittelbraun-vinylboden-von-der-rolle";"https://www.teppich-paradies.net/products/marano-eiche-mittelbraun-vinylboden-von-der-rolle";"15982368719182";"2,00 m | 4,00 m";"2";"0";"EXCLUDE";"Dynamisch berechneter Gesamtpreis / Grundpreis €/m² entspricht nicht dem direkt kaufbaren Mindestgesamtpreis."
"Terracora Eiche Natur – Vinylboden von der Rolle";"marano-eiche-natur-vinylboden-von-der-rolle";"https://www.teppich-paradies.net/products/marano-eiche-natur-vinylboden-von-der-rolle";"15982369276238";"2,00 m | 4,00 m";"2";"0";"EXCLUDE";"Dynamisch berechneter Gesamtpreis / Grundpreis €/m² entspricht nicht dem direkt kaufbaren Mindestgesamtpreis."
"Terracora Eiche Naturbeige – Vinylboden von der Rolle";"marano-eiche-naturbeige-vinylboden-von-der-rolle";"https://www.teppich-paradies.net/products/marano-eiche-naturbeige-vinylboden-von-der-rolle";"15982370488654";"2,00 m | 4,00 m";"2";"0";"EXCLUDE";"Dynamisch berechneter Gesamtpreis / Grundpreis €/m² entspricht nicht dem direkt kaufbaren Mindestgesamtpreis."
"Terracora Eiche Nussbraun – Vinylboden von der Rolle";"marano-eiche-nussbraun-vinylboden-von-der-rolle";"https://www.teppich-paradies.net/products/marano-eiche-nussbraun-vinylboden-von-der-rolle";"15982370226510";"2,00 m | 4,00 m";"2";"0";"EXCLUDE";"Dynamisch berechneter Gesamtpreis / Grundpreis €/m² entspricht nicht dem direkt kaufbaren Mindestgesamtpreis."
"Terracora Eiche Perlgrau – Vinylboden von der Rolle";"marano-eiche-perlgrau-vinylboden-von-der-rolle";"https://www.teppich-paradies.net/products/marano-eiche-perlgrau-vinylboden-von-der-rolle";"15982370750798";"2,00 m | 4,00 m";"2";"0";"EXCLUDE";"Dynamisch berechneter Gesamtpreis / Grundpreis €/m² entspricht nicht dem direkt kaufbaren Mindestgesamtpreis."
"Terracora Eiche Planke – Vinylboden von der Rolle";"marano-eiche-planke-vinylboden-von-der-rolle";"https://www.teppich-paradies.net/products/marano-eiche-planke-vinylboden-von-der-rolle";"15982367670606";"2,00 m | 4,00 m";"2";"0";"EXCLUDE";"Dynamisch berechneter Gesamtpreis / Grundpreis €/m² entspricht nicht dem direkt kaufbaren Mindestgesamtpreis."
"Terracora Eiche Rauchgrau – Vinylboden von der Rolle";"marano-eiche-rauchgrau-vinylboden-von-der-rolle";"https://www.teppich-paradies.net/products/marano-eiche-rauchgrau-vinylboden-von-der-rolle";"15982370718030";"2,00 m | 4,00 m";"2";"0";"EXCLUDE";"Dynamisch berechneter Gesamtpreis / Grundpreis €/m² entspricht nicht dem direkt kaufbaren Mindestgesamtpreis."
"Terracora Eiche Sandbeige – Vinylboden von der Rolle";"marano-eiche-sandbeige-vinylboden-von-der-rolle";"https://www.teppich-paradies.net/products/marano-eiche-sandbeige-vinylboden-von-der-rolle";"15982369767758";"2,00 m | 4,00 m";"2";"0";"EXCLUDE";"Dynamisch berechneter Gesamtpreis / Grundpreis €/m² entspricht nicht dem direkt kaufbaren Mindestgesamtpreis."
"Terracora Eiche Taupe – Vinylboden von der Rolle";"marano-eiche-taupe-vinylboden-von-der-rolle";"https://www.teppich-paradies.net/products/marano-eiche-taupe-vinylboden-von-der-rolle";"15982370128206";"2,00 m | 4,00 m";"2";"0";"EXCLUDE";"Dynamisch berechneter Gesamtpreis / Grundpreis €/m² entspricht nicht dem direkt kaufbaren Mindestgesamtpreis."
"Terracora Eiche Weiß Creme – Vinylboden von der Rolle";"marano-eiche-weiss-creme-vinylboden-von-der-rolle";"https://www.teppich-paradies.net/products/marano-eiche-weiss-creme-vinylboden-von-der-rolle";"15982370816334";"2,00 m | 4,00 m";"2";"0";"EXCLUDE";"Dynamisch berechneter Gesamtpreis / Grundpreis €/m² entspricht nicht dem direkt kaufbaren Mindestgesamtpreis."
"Terracora Eiche Weiß – Vinylboden von der Rolle";"marano-eiche-weiss-vinylboden-von-der-rolle";"https://www.teppich-paradies.net/products/marano-eiche-weiss-vinylboden-von-der-rolle";"15982370521422";"2,00 m | 4,00 m";"2";"0";"EXCLUDE";"Dynamisch berechneter Gesamtpreis / Grundpreis €/m² entspricht nicht dem direkt kaufbaren Mindestgesamtpreis."
"Terracora Eiche Weißgrau – Vinylboden von der Rolle";"marano-eiche-weissgrau-vinylboden-von-der-rolle";"https://www.teppich-paradies.net/products/marano-eiche-weissgrau-vinylboden-von-der-rolle";"15982370390350";"2,00 m | 4,00 m";"2";"0";"EXCLUDE";"Dynamisch berechneter Gesamtpreis / Grundpreis €/m² entspricht nicht dem direkt kaufbaren Mindestgesamtpreis."
"Terracora Stein Beige – Vinylboden von der Rolle";"marano-stein-beige-vinylboden-von-der-rolle";"https://www.teppich-paradies.net/products/marano-stein-beige-vinylboden-von-der-rolle";"15982368555342";"2,00 m | 4,00 m";"2";"0";"EXCLUDE";"Dynamisch berechneter Gesamtpreis / Grundpreis €/m² entspricht nicht dem direkt kaufbaren Mindestgesamtpreis."
"Terracora Stein Creme – Vinylboden von der Rolle";"marano-stein-creme-vinylboden-von-der-rolle";"https://www.teppich-paradies.net/products/marano-stein-creme-vinylboden-von-der-rolle";"15982368653646";"2,00 m | 4,00 m";"2";"0";"EXCLUDE";"Dynamisch berechneter Gesamtpreis / Grundpreis €/m² entspricht nicht dem direkt kaufbaren Mindestgesamtpreis."
"Terracora Stein Grau – Vinylboden von der Rolle";"marano-stein-grau-vinylboden-von-der-rolle";"https://www.teppich-paradies.net/products/marano-stein-grau-vinylboden-von-der-rolle";"15982368489806";"2,00 m | 4,00 m";"2";"0";"EXCLUDE";"Dynamisch berechneter Gesamtpreis / Grundpreis €/m² entspricht nicht dem direkt kaufbaren Mindestgesamtpreis."
"Terracora Stein Hellgrau – Vinylboden von der Rolle";"marano-stein-hellgrau-vinylboden-von-der-rolle";"https://www.teppich-paradies.net/products/marano-stein-hellgrau-vinylboden-von-der-rolle";"15982370029902";"2,00 m | 4,00 m";"2";"0";"EXCLUDE";"Dynamisch berechneter Gesamtpreis / Grundpreis €/m² entspricht nicht dem direkt kaufbaren Mindestgesamtpreis."
"Tessara Teppichboden 400cm 500cm";"tessara-teppichboden-400cm-500cm";"https://www.teppich-paradies.net/products/tessara-teppichboden-400cm-500cm";"15983223472462";"4,00 m | 5,00 m";"30";"0";"EXCLUDE";"Dynamisch berechneter Gesamtpreis / Grundpreis €/m² entspricht nicht dem direkt kaufbaren Mindestgesamtpreis."
"Torvana Teppichboden 400cm 500cm";"torvana-teppichboden-400cm-500cm";"https://www.teppich-paradies.net/products/torvana-teppichboden-400cm-500cm";"15983222161742";"4,00 m | 5,00 m";"36";"0";"EXCLUDE";"Dynamisch berechneter Gesamtpreis / Grundpreis €/m² entspricht nicht dem direkt kaufbaren Mindestgesamtpreis."
"Vallora Teppichboden 400cm 500cm";"vallora-teppichboden-400cm-500cm";"https://www.teppich-paradies.net/products/vallora-teppichboden-400cm-500cm";"15982984954190";"4,00 m | 5,00 m";"40";"0";"EXCLUDE";"Dynamisch berechneter Gesamtpreis / Grundpreis €/m² entspricht nicht dem direkt kaufbaren Mindestgesamtpreis."
"Vantana Teppichboden 400cm 500cm";"vantana-teppichboden-400cm-500cm";"https://www.teppich-paradies.net/products/vantana-teppichboden-400cm-500cm";"15983218557262";"4,00 m | 5,00 m";"35";"0";"EXCLUDE";"Dynamisch berechneter Gesamtpreis / Grundpreis €/m² entspricht nicht dem direkt kaufbaren Mindestgesamtpreis."
"Vellana Teppichboden 400cm 500cm";"vellana-teppichboden-400cm-500cm";"https://www.teppich-paradies.net/products/vellana-teppichboden-400cm-500cm";"15983034532174";"4,00 m | 5,00 m";"12";"0";"EXCLUDE";"Dynamisch berechneter Gesamtpreis / Grundpreis €/m² entspricht nicht dem direkt kaufbaren Mindestgesamtpreis."
"Velluna Teppichboden 400cm 500cm";"velano-teppichboden-400cm-500cm";"https://www.teppich-paradies.net/products/velano-teppichboden-400cm-500cm";"15982691811662";"4,00 m | 5,00 m";"24";"0";"EXCLUDE";"Dynamisch berechneter Gesamtpreis / Grundpreis €/m² entspricht nicht dem direkt kaufbaren Mindestgesamtpreis."
"Velory Teppichboden 400cm 500cm";"velory-teppichboden-400cm-500cm";"https://www.teppich-paradies.net/products/velory-teppichboden-400cm-500cm";"15983226257742";"4,00 m | 5,00 m";"24";"0";"EXCLUDE";"Dynamisch berechneter Gesamtpreis / Grundpreis €/m² entspricht nicht dem direkt kaufbaren Mindestgesamtpreis."
"Verita Teppichboden 400cm 500cm";"verita-teppichboden-400cm-500cm";"https://www.teppich-paradies.net/products/verita-teppichboden-400cm-500cm";"15982992228686";"4,00 m | 5,00 m";"14";"0";"EXCLUDE";"Dynamisch berechneter Gesamtpreis / Grundpreis €/m² entspricht nicht dem direkt kaufbaren Mindestgesamtpreis."
"Vireno Teppichboden 400cm 500cm";"vireno-teppichboden-400cm-500cm";"https://www.teppich-paradies.net/products/vireno-teppichboden-400cm-500cm";"15983228485966";"4,00 m | 5,00 m";"28";"0";"EXCLUDE";"Dynamisch berechneter Gesamtpreis / Grundpreis €/m² entspricht nicht dem direkt kaufbaren Mindestgesamtpreis."
"Vivera Teppichboden 400cm 500cm";"vivera-teppichboden-400cm-500cm";"https://www.teppich-paradies.net/products/vivera-teppichboden-400cm-500cm";"15982986264910";"4,00 m | 5,00 m";"8";"0";"EXCLUDE";"Dynamisch berechneter Gesamtpreis / Grundpreis €/m² entspricht nicht dem direkt kaufbaren Mindestgesamtpreis."
"Woolara Teppichboden 400cm 500cm";"woolara-teppichboden-400cm-500cm";"https://www.teppich-paradies.net/products/woolara-teppichboden-400cm-500cm";"15983035187534";"4,00 m | 5,00 m";"10";"0";"EXCLUDE";"Dynamisch berechneter Gesamtpreis / Grundpreis €/m² entspricht nicht dem direkt kaufbaren Mindestgesamtpreis."
"Wovena Teppichboden 400cm 500cm";"wovena-teppichboden-400cm-500cm";"https://www.teppich-paradies.net/products/wovena-teppichboden-400cm-500cm";"15983021621582";"4,00 m | 5,00 m";"20";"0";"EXCLUDE";"Dynamisch berechneter Gesamtpreis / Grundpreis €/m² entspricht nicht dem direkt kaufbaren Mindestgesamtpreis."
"Zafira Teppichboden 400cm 500cm";"zafira-teppichboden-400cm-500cm";"https://www.teppich-paradies.net/products/zafira-teppichboden-400cm-500cm";"15983228879182";"4,00 m | 5,00 m";"18";"0";"EXCLUDE";"Dynamisch berechneter Gesamtpreis / Grundpreis €/m² entspricht nicht dem direkt kaufbaren Mindestgesamtpreis."
