Campaign,Ad Group,Keyword,Type,Status
TP | Search | Bodenleger lokal,Bodenleger lokal,bodenleger oranienburg,Exact,Paused
TP | Search | Bodenleger lokal,Bodenleger lokal,boden verlegen lassen oranienburg,Exact,Paused
TP | Search | Bodenleger lokal,Bodenleger lokal,bodenleger berlin nord,Exact,Paused
TP | Search | Bodenleger lokal,Bodenleger lokal,bodenleger in der nähe,Phrase,Paused
TP | Search | Bodenleger lokal,Bodenleger lokal,bodenbelag verlegen lassen,Phrase,Paused
TP | Search | Bodenleger lokal,Bodenleger lokal,bodenleger für wohnung,Phrase,Paused
TP | Search | Teppichboden-Verlegung,Teppichboden-Verlegung,teppichboden verlegen lassen,Exact,Paused
TP | Search | Teppichboden-Verlegung,Teppichboden-Verlegung,teppichboden verlegung oranienburg,Exact,Paused
TP | Search | Teppichboden-Verlegung,Teppichboden-Verlegung,teppichboden verlegen berlin,Exact,Paused
TP | Search | Teppichboden-Verlegung,Teppichboden-Verlegung,teppichboden verlegen lassen,Phrase,Paused
TP | Search | Teppichboden-Verlegung,Teppichboden-Verlegung,teppichboden fachgerecht verlegen,Phrase,Paused
TP | Search | Teppichboden-Verlegung,Teppichboden-Verlegung,teppich verlegen lassen,Phrase,Paused
TP | Search | Vinyl-Verlegung,Vinyl-Verlegung,vinylboden verlegen lassen,Exact,Paused
TP | Search | Vinyl-Verlegung,Vinyl-Verlegung,vinyl verlegen lassen oranienburg,Exact,Paused
TP | Search | Vinyl-Verlegung,Vinyl-Verlegung,klickvinyl verlegen lassen,Exact,Paused
TP | Search | Vinyl-Verlegung,Vinyl-Verlegung,vinylboden verlegen lassen,Phrase,Paused
TP | Search | Vinyl-Verlegung,Vinyl-Verlegung,vinyl verlegung berlin,Phrase,Paused
TP | Search | Vinyl-Verlegung,Vinyl-Verlegung,klebevinyl verlegen lassen,Phrase,Paused
